district_id,no. of inhabitants,no. of municipalities with inhabitants < 499,no. of municipalities with inhabitants 500-1999,no. of municipalities with inhabitants 2000-9999,no. of municipalities with inhabitants >10000,no. of cities,ratio of urban inhabitants,average salary,unemploymant_rate,no. of enterpreneurs per 1000 inhabitants
1,1204953,0,0,0,1,1,100.0,12541,0.43,167
2,88884,80,26,6,2,5,46.7,8507,1.85,132
3,75232,55,26,4,1,5,41.7,8980,2.21,111
4,149893,63,29,6,2,6,67.4,9753,5.05,109
5,95616,65,30,4,1,6,51.4,9307,4.43,118
6,77963,60,23,4,2,4,51.5,8546,4.02,126
7,94725,38,28,1,3,6,63.4,9920,2.87,130
8,112065,95,19,7,1,8,69.4,11277,1.44,127
9,81344,61,23,4,2,6,55.3,8899,3.97,149
10,92084,55,29,4,3,5,46.7,10124,0.54,141
11,75637,35,36,9,0,7,36.5,9622,0.59,154
12,107870,84,29,6,1,6,58.0,8754,4.31,137
13,53921,61,22,1,1,2,41.3,8598,3.26,123
14,177686,69,27,10,1,9,74.8,10045,1.71,135
15,58796,22,16,7,1,5,51.9,9045,3.6,124
16,93931,74,21,10,1,8,56.9,8427,1.54,107
17,74062,99,15,4,2,7,61.4,8114,2.62,119
18,70699,60,13,2,1,4,65.3,8968,3.35,131
19,51428,50,11,3,1,4,52.7,8402,3.98,120
20,70646,94,14,3,1,4,58.4,8547,3.64,120
21,103347,87,16,7,1,7,67.0,9104,2.07,123
22,58400,65,16,4,1,6,52.4,8620,1.25,100
23,87419,21,11,4,3,9,85.5,8624,2.66,102
24,122603,25,21,6,2,8,80.0,8991,2.01,128
25,88757,60,33,3,2,10,61.7,8554,2.68,113
26,170449,0,0,0,1,1,100.0,10787,3.09,131
27,67298,71,19,10,0,7,43.8,8561,1.29,110
28,72541,66,26,10,0,8,36.9,8594,2.01,112
29,45714,52,10,5,1,6,55.6,8843,3.6,113
30,94812,15,13,8,2,10,81.8,9650,3.67,100
31,51313,34,12,3,1,4,59.2,8930,4.2,108
32,105058,32,19,7,2,10,81.0,9272,3.22,118
33,133777,24,17,7,3,11,84.7,8705,7.61,116
34,125236,28,11,1,4,5,87.7,9675,7.68,100
35,88768,10,18,5,1,7,80.5,8867,1.21,130
36,159617,29,19,8,1,9,85.2,9198,4.28,131
37,114006,71,26,6,2,9,62.3,9065,5.39,123
38,85852,41,23,4,2,4,59.8,8965,8.23,104
39,119895,17,4,3,2,4,89.9,10446,9.4,90
40,128118,9,16,6,3,8,85.3,9317,7.07,97
41,118650,8,8,5,1,3,85.6,9832,4.48,114
42,95907,87,25,5,2,7,59.1,8388,2.94,87
43,161854,73,21,6,1,6,76.3,9425,2.5,125
44,105606,77,26,7,2,7,53.0,8254,3.76,97
45,77917,85,19,6,1,5,53.5,8390,2.89,132
46,112709,48,20,7,3,10,73.5,8369,2.31,117
47,162580,83,26,5,1,6,72.8,9538,1.81,111
48,78955,50,24,8,1,9,59.0,9060,2.44,124
49,75685,31,28,5,1,9,60.8,8208,2.26,155
50,102609,75,33,2,3,6,52.0,8187,5.45,94
51,121947,37,28,7,3,11,70.5,8541,2.97,131
52,139012,59,41,8,3,10,61.9,8363,3.49,108
53,107911,88,33,6,2,7,50.9,8240,3.56,99
54,387570,0,0,0,1,1,100.0,9897,1.96,140
55,157042,49,70,18,0,9,33.9,8743,2.43,111
56,124605,11,42,14,1,8,46.0,8772,4.98,126
57,161954,21,37,20,3,8,48.0,8720,4.5,116
58,109164,98,16,6,1,4,63.6,8757,3.95,96
59,108871,41,29,7,2,6,62.1,8444,3.47,106
60,110643,49,41,4,1,4,51.9,8441,4.48,115
61,117897,139,28,5,1,6,53.8,8814,5.74,107
62,145688,22,41,13,2,5,40.7,8544,1.86,109
63,86513,38,36,5,1,5,50.5,8288,4.52,110
64,197099,29,41,10,2,10,74.7,9624,2.31,145
65,114200,101,41,4,1,4,43.7,8403,5.72,105
66,125832,151,41,2,3,5,48.3,8512,4.12,102
67,106054,38,25,6,2,6,63.1,8110,6.55,109
68,228848,15,40,18,2,6,57.2,9893,4.72,96
69,42821,4,13,5,1,3,48.4,8173,7.01,124
70,285387,0,2,8,5,7,89.9,10177,7.75,81
71,161227,5,35,11,4,10,69.7,8678,5.57,102
72,226122,32,50,7,4,4,62.6,8994,4.79,110
73,182027,17,49,12,2,7,56.4,8746,3.74,90
74,323870,0,0,0,1,1,100.0,10673,5.44,100
75,138032,67,30,4,2,5,64.6,8819,5.66,99
76,127369,31,32,13,2,7,51.2,8369,5.88,107
77,148545,8,35,12,3,4,53.5,8909,5.56,113
